----------------------------------------
------------- Populacao--------------
----------------------------------------

-----locais publicos-----
insert into local_publico values(-16.42028, -77.05105, 'Great Pyramid at Giza');
insert into local_publico values(22.98867, 168.93520, 'Statue of Liberty');
insert into local_publico values(1.71489, 112.47988, 'Eiffel Tower');
insert into local_publico values(55.15752, 28.38989, 'Ayers Rock (Uluru)');
insert into local_publico values(51.1357, 11.4315, 'Mt. Kilimanjaro');
insert into local_publico values(52.1657, 11.4915, 'Taj Mahal');
insert into local_publico values(40.1257, 11.4515, 'Golden Gate Bridge');
insert into local_publico values(44.70563, -58.91010, 'Machu Picchu');
insert into local_publico values(26.83238, 159.26574, 'Brandenburg Gate'); 
insert into local_publico values(52.53851, 139.7690, 'Burj Khalifa');
insert into local_publico values(40.51990, 52.53851, 'CN Tower');
insert into local_publico values(16.28078, -117.40156, 'Mt. Fuji'); 
insert into local_publico values(64.13310, 26.91412, 'St. Basils Cathedral');
insert into local_publico values(21.58018, 139.63136, 'Blue Mosque');
insert into local_publico values(5.49277, 49.37945, 'Feitoria');
insert into local_publico values(37.5665, 126.9780, 'Belcanto'); 
insert into local_publico values(41.2351, 2.1034, 'La Sagrada Familia');
insert into local_publico values(50.5029, 5.9, 'Royal Museums of Fine Arts of Belgium');
insert into local_publico values(52.1326, 5.2913, 'Rijksmuseum');
insert into local_publico values(51.1657, 10.4515, 'Museum fur Naturkundek');
insert into local_publico values(22.8757, 21.2315, 'grunes gewolbe');
insert into local_publico values(40.9257, 11.1925, 'Vila do Conde');
insert into local_publico values(79.80389, -49.98699, 'Taberna da Rua das Flores');
insert into local_publico values(36.67535, -43.75511, 'Os Gazeteiros');
insert into local_publico values(38.08663, 165.81538, 'Enoteca De Belem');
insert into local_publico values(29.32172, 166.66313, 'Ramiro');
insert into local_publico values(-5.87628, -174.70018, 'Tokyo Tower');
insert into local_publico values(40.62454, 40.62454, 'Forno dOro');
insert into local_publico values(32.3251, 94.04950, 'Ha Tapas no Mercado');
insert into local_publico values(60.5339, -177.70518, 'Ha Tapas no Mercado');
insert into local_publico values(32.1326, 142.13299, 'Rijksmuseum');
insert into local_publico values(53.1669, 64.22153, 'Trato32');
insert into local_publico values(52.4696, -85.39622, 'Casa do Rafa');
insert into local_publico values(40.1654, 63.76850, 'Porteira');
insert into local_publico values(9.32172, 166.66313, 'Rio de Mouro');

-----items-----
insert into item values(1, 'simple island and is truly an architectural sight', 'Phoenix (AZ), United States', -16.42028, -77.05105);
insert into item values(2, 'Its charm is matched by the backdrop of clear blue skies', 'PARAMARIBO, Suriname', 22.98867, 168.93520);
insert into item values(3, 'mimic the aesthetics of the blue skies around them', 'Syracuse (NY), United States', 1.71489, 112.47988);
insert into item values(4, 'Its this multicultural identity that has truly left its mark', 'Tulsa (OK), United States', 55.15752, 28.38989);
insert into item values(5, 'A bola de plastico e verde', 'Jackson (MS), United States', 51.1357, 11.4315);
insert into item values(6, 'Coconut', 'Quetzaltenango, Guatemala', 52.1657, 11.4915);
insert into item values(7, 'Dialeto de Portugues', 'Sincelejo, Colombia', 40.1257, 11.4515);
insert into item values(8, 'Mobi dick', 'Iasi, Romania', 44.70563, -58.91010);
insert into item values(9, 'Lorde dos Aneis', 'Volta Redonda, Brazil', 44.70563, -58.91010);
insert into item values(10, 'Harry dos Potes', 'Ormoc, Philippines', 26.83238, 159.26574); 
insert into item values(11, 'Placas Amarelas', 'Batam, Indonesia',52.53851, 139.7690);
insert into item values(12, 'Barbatanas Azuis', 'Bawshar, Oman', 40.51990, 52.53851);
insert into item values(13, 'Deus', 'Katowice, Poland',16.28078, -117.40156);
insert into item values(14, 'Bolo de chocolate', 'Varna, Bulgaria',64.13310, 26.91412);
insert into item values(15, 'Torta de Laranja', 'Kanazawa, Japan',21.58018, 139.63136);
insert into item values(16, 'Batata moida', 'Katowice, Poland', 5.49277, 49.37945);
insert into item values(17, 'Cenoura', 'Al-Hasakeh, Syria', 37.5665, 126.9780);
insert into item values(18, 'Varinhas da papel', 'Fuzhou (Fujian), China', 41.2351, 2.1034);
insert into item values(19, 'Varinhas de plastico', 'Cheboksary, Russia', 50.5029, 5.9);
insert into item values(20, 'Varinhas de vidro', 'Dordrecht, Netherlands',52.1326, 5.2913);
insert into item values(21, 'Varinhas de aco', 'Saitama, Japan', 51.1657, 10.4515);
insert into item values(22, 'Varinhas de gelationa', 'Oakland (CA), United States', 22.8757, 21.2315);
insert into item values(23, 'Velocidade Furiosa', 'Palma de Mallorca, Spain', 40.9257, 11.1925);
insert into item values(24, 'Lolita', 'England', -5.87628, -174.70018);
insert into item values(25, 'Supercalifragilisticsprialidosson', 'Daegu (Taegu), South Korea', 79.80389, -49.98699);
insert into item values(26, 'Cruel Summer', 'Ontario (CA), United States',36.67535, -43.75511);
insert into item values(27, 'The Man', 'Caloocan, Philippines', 38.08663, 165.81538);
insert into item values(28, 'Lover', 'Mashhad, Iran', 9.32172, 166.66313);
insert into item values(29, 'Papper Cuts', 'Dallas (TX), United States',-5.87628, -174.70018);
insert into item values(30, 'English Boy', 'LISBON, Portugal',40.62454, 40.62454);
insert into item values(31, 'simple island and is truly an architectural sight', 'Phoenix (AZ), United States', -16.42028, -77.05105);
insert into item values(32, 'Its charm is matched by the backdrop of clear blue skies', 'PARAMARIBO, Suriname', 22.98867, 168.93520);
insert into item values(33, 'mimic the aesthetics of the blue skies around them', 'Syracuse (NY), United States', 1.71489, 112.47988);
insert into item values(34, 'Its this multicultural identity that has truly left its mark', 'Tulsa (OK), United States', 55.15752, 28.38989);
insert into item values(35, 'Cocsonut', 'England', 52.1657, 11.4915);
insert into item values(36, 'Coconut', 'States', 51.1657, 10.4515);
insert into item values(37, 'Coconut', 'Poland', 60.5339, -177.70518);
insert into item values(38, 'Coconut', 'Julian', 53.1669, 64.22153);
insert into item values(39, 'Coconut', 'Vietnam', 52.4696, -85.39622);
insert into item values(40, 'Coconut', 'Jamaica', 40.1654, 63.76850);

-----anomalias-----
insert into anomalia values(1, '((2 , 2),(4 , 4))', 'http://www.example.org/balance.html', 'AR', '2012-03-12 12:00', 'Verde nao se ve', false);
insert into anomalia values(2, '((5 , 4),(2 , 3))', 'http://www.example.com/basket', 'EN', '2013-02-09 23:00', 'Preto esta em branco', true);
insert into anomalia values(3, '((2 , 3),(5 , 9))', 'https://www.example.com/?brake=basket&authority=bath', 'ID', '2014-08-22 13:00', 'Ilegivel', true);
insert into anomalia values(4, '((4 , 29),(19 , 29))', 'https://www.example.com/?arithmetic=approval&airport=brick', 'USA', '2015-04-20 23:31', 'Pouco cheiro', true);
insert into anomalia values(5, '((43 , 22),(20 , 38))', 'http://www.example.com/basketball', 'EL', '2015-09-29 22:32', 'Cortou me a cara', true);
insert into anomalia values(6, '((50 , 90),(92 , 12))', 'https://appliance.example.org/board.php', 'PT', '2016-12-20 01:21', 'Ricardo', false);
insert into anomalia values(7, '((20 , 72),(98 , 9))', 'http://birds.example.com/', 'BG', '2017-02-03 02:22', 'Bolachas sem sabor', true);
insert into anomalia values(8, '((1 , 1),(3 , 3))', 'https://brass.example.com/bell/ants.htm', 'BR', '2018-04-13 03:51', 'Poliester branco', true);
insert into anomalia values(9, '((1 , 1),(1 , 1))', 'https://www.example.com/', 'KO', '2019-07-21', 'Marco branco devia ser preto', false);
insert into anomalia values(10, '((2 , 4),(3 , 9))', 'https://example.com/basketball.phpants', 'LV', '2018-05-29 04:32', 'Nao houve forma de usar o chapeu', true);
insert into anomalia values(11, '((3 , 9),(3 , 2))', 'http://boundary.example.com/arch/behavior#basketball', 'PL', '2018-09-25 03:21', 'Mau ambiente', false);
insert into anomalia values(12, '((2 , 5),(9 , 8))', 'http://www.example.com/arch/badge?branch=agreement', 'RO', '2018-03-22 02:22', 'Portas abertas quando deviam estar fechadas', false);
insert into anomalia values(13, '((3 , 2),(5 , 6))', 'https://www.example.com/book', 'RU', '2019-01-20', 'cama desconfortavel 03:33', true);
insert into anomalia values(14, '((9 , 9),(10 , 10))', 'http://example.com/', 'USA', '2019-02-21 02:22', 'macaca e azul', true);
insert into anomalia values(15, '((38 , 32),(50 , 27))', 'https://www.example.com/?blood=box', 'ES', '2019-02-23 03:32', 'Bolo deformado', false);
insert into anomalia values(16, '((22 , 26),(59 , 32))', 'http://www.example.com/bed', 'VI', '2019-03-25 04:21', 'Acucar salgado', false);
insert into anomalia values(17, '((19 , 32),(23 , 80))', 'http://www.example.com/bottle.aspx?arithmetic=bait&book=book', 'DE', '2019-03-28 12:21', 'Maus pravier', false);
insert into anomalia values(18, '((31 , 31),(23 , 22))', 'http://www.example.com/board.php#apparelsoso', 'JA', '2019-04-02 13:22', 'Toliedeisna', true);
insert into anomalia values(19, '((38 , 81),(82 , 92))', 'http://example.edu/ole', 'RO', '2019-04-23 14:22', 'Error, nao percebo', true);
insert into anomalia values(20, '((32 , 33),(24 , 23))', 'http://www.exskample.com/board.php#apparel', 'JA', '2019-05-02 15:22', 'tokiohotel', true);
insert into anomalia values(21, '((33 , 02),(23 , 42))', 'http://ksks.edu/ola', 'RO', '2019-05-23 16:22', 'Error, nao percebo', true);
insert into anomalia values(22, '((31 , 31),(23 , 22))', 'http://www.opsos.com/board.php#apparelllo', 'JA', '2019-06-02 17:34', 'riodemouro', false);
insert into anomalia values(23, '((28 , 21),(22 , 22))', 'http://exammolople.edu/loco', 'RO', '2019-06-23 19:22', 'Error, nao percebo', true);
insert into anomalia values(24, '((31 , 31),(23 , 22))', 'http://www.jjdjd.com/board.php#apparel', 'JA', '2019-07-02 23:12', 'tio da fia', false);
insert into anomalia values(25, '((38 , 81),(82 , 92))', 'http://example.edu/', 'RO', '2019-07-23', 'via percebo', true);
insert into anomalia values(26, '((31 , 31),(23 , 22))', 'http://www.example.com/board.php#apparel', 'JA', '2019-08-02 22:32', 'morte', false);
insert into anomalia values(27, '((38 , 21),(82 , 92))', 'http://djkd.edu/', 'RO', '2019-08-23', 'estou confuso', false);
insert into anomalia values(28, '((41 , 31),(23 , 22))', 'http://www.jsj.com/board.php#apparel', 'JA', '2019-09-02 23:42', 'nao entendi nada', false);
insert into anomalia values(29, '((28 , 41),(82 , 92))', 'http://cos.edu/', 'RO', '2019-09-23', 'dialeto', true);
insert into anomalia values(30, '((31 , 31),(23 , 22))', 'http://www.dk.com/board.php#apparel', 'JA', '2019-10-02 15:23', 'ricardo', false);
insert into anomalia values(31, '((28 , 81),(82 , 92))', 'http://mol.edu/', 'RO', '2019-10-23', 'mirandela', true);
insert into anomalia values(32, '((91 , 31),(13 , 32))', 'http://www.es.com/board.php#apparel', 'JA', '2019-11-02 17:22', 'vestido azul mas supostamente e verdo', false);
insert into anomalia values(33, '((54 , 41),(22 , 72))', 'http://low.edu/', 'RO', '2019-12-23', 'sem comprensao', true);

insert into anomalia values(34, '((54 , 41),(22 , 72))', 'http://low.edu/', 'RO', '2019-12-23', 'sem comprensao', true);
insert into anomalia values(35, '((54 , 41),(22 , 72))', 'http://low.edu/', 'RO', '2019-12-23', 'sem comprensao', true);
insert into anomalia values(36, '((54 , 41),(22 , 72))', 'http://low.edu/', 'RO', '2019-12-23', 'sem comprensao', true);
insert into anomalia values(37, '((54 , 41),(22 , 72))', 'http://low.edu/', 'RO', '2019-12-23', 'sem comprensao', true);
insert into anomalia values(38, '((54 , 41),(22 , 72))', 'http://low.edu/', 'RO', '2019-12-23', 'sem comprensao', true);
insert into anomalia values(39, '((54 , 41),(22 , 72))', 'http://low.edu/', 'RO', '2019-12-23', 'sem comprensao', true);
insert into anomalia values(40, '((54 , 41),(22 , 72))', 'http://low.edu/', 'RO', '2019-12-23', 'sem comprensao', true);
insert into anomalia values(41, '((54 , 41),(22 , 72))', 'http://low.edu/', 'RO', '2019-12-23', 'sem comprensao', true);
insert into anomalia values(42, '((54 , 41),(22 , 72))', 'http://low.edu/', 'RO', '2019-12-23', 'sem comprensao', true);
insert into anomalia values(43, '((54 , 41),(22 , 72))', 'http://low.edu/', 'RO', '2019-12-23', 'sem comprensao', true);
insert into anomalia values(44, '((54 , 41),(22 , 72))', 'http://low.edu/', 'RO', '2019-12-23', 'sem comprensao', true);
insert into anomalia values(45, '((54 , 41),(22 , 72))', 'http://low.edu/', 'RO', '2019-12-23', 'sem comprensao', true);
insert into anomalia values(46, '((54 , 41),(22 , 72))', 'http://low.edu/', 'RO', '2019-12-23', 'sem comprensao', true);
insert into anomalia values(47, '((54 , 41),(22 , 72))', 'http://low.edu/', 'RO', '2019-12-23', 'sem comprensao', true);

insert into anomalia values(48, '((9 , 9),(10 , 10))', 'http://example.com/', 'USA', '2019-02-21 02:22', 'macaca e azul', false);
insert into anomalia values(49, '((38 , 32),(50 , 27))', 'https://www.example.com/?blood=box', 'ES', '2019-02-23 03:32', 'Bolo deformado', false);
insert into anomalia values(50, '((22 , 26),(59 , 32))', 'http://www.example.com/bed', 'VI', '2019-03-25 04:21', 'Acucar salgado', false);
insert into anomalia values(51, '((19 , 32),(23 , 80))', 'http://www.example.com/bottle.aspx?arithmetic=bait&book=book', 'DE', '2019-03-28 12:21', 'Maus pravier', false);
insert into anomalia values(52, '((9 , 9),(10 , 10))', 'http://example.com/', 'USA', '2019-02-21 02:22', 'macaca e azul', false);
insert into anomalia values(53, '((38 , 32),(50 , 27))', 'https://www.example.com/?blood=box', 'ES', '2019-02-23 03:32', 'Bolo deformado', false);
insert into anomalia values(54, '((22 , 26),(59 , 32))', 'http://www.example.com/bed', 'VI', '2019-03-25 04:21', 'Acucar salgado', false);
insert into anomalia values(55, '((19 , 32),(23 , 80))', 'http://www.example.com/bottle.aspx?arithmetic=bait&book=book', 'DE', '2019-03-28 12:21', 'Maus pravier', false);
insert into anomalia values(56, '((9 , 9),(10 , 10))', 'http://example.com/', 'USA', '2019-02-21 02:22', 'macaca e azul', false);
insert into anomalia values(57, '((38 , 32),(50 , 27))', 'https://www.example.com/?blood=box', 'ES', '2019-02-23 03:32', 'Bolo deformado', false);
insert into anomalia values(58, '((22 , 26),(59 , 32))', 'http://www.example.com/bed', 'VI', '2019-03-25 04:21', 'Acucar salgado', false);
insert into anomalia values(59, '((19 , 32),(23 , 80))', 'http://www.example.com/bottle.aspx?arithmetic=bait&book=book', 'DE', '2019-03-28 12:21', 'Maus pravier', false);

-----anomalias de traducao-----
insert into anomalia_traducao values(1, '((2 , 2),(4 , 4))', 'PT');
insert into anomalia_traducao values(6, '((50 , 90),(92 , 12))','AR');
insert into anomalia_traducao values(9, '((1 , 1),(1 , 1))', 'PL');
insert into anomalia_traducao values(11, '((3 , 9),(3 , 2))','BR');
insert into anomalia_traducao values(12, '((2 , 5),(9 , 8))', 'ES');
insert into anomalia_traducao values(15, '((38 , 32),(50 , 21))', 'VI');
insert into anomalia_traducao values(16, '((22 , 26),(59 , 31))', 'DE');
insert into anomalia_traducao values(17, '((19 , 32),(23 , 81))', 'JA');
insert into anomalia_traducao values(22, '((31 , 31),(23 , 21))', 'VI');
insert into anomalia_traducao values(24, '((31 , 31),(23 , 21))', 'DE');
insert into anomalia_traducao values(26, '((31 , 31),(23 , 21))', 'RO');
insert into anomalia_traducao values(27, '((38 , 21),(82 , 91))', 'JA');
insert into anomalia_traducao values(28, '((41 , 31),(23 , 21))', 'RO');
insert into anomalia_traducao values(30, '((31 , 31),(23 , 21))', 'RO');
insert into anomalia_traducao values(32, '((91 , 31),(13 , 31))', 'RO');

insert into anomalia_traducao values(48, '((9 , 9),(10 , 20))', 'PT');
insert into anomalia_traducao values(49, '((38 , 32),(50 , 37))', 'PT');
insert into anomalia_traducao values(50, '((22 , 26),(59 , 42))', 'PT');
insert into anomalia_traducao values(51, '((19 , 32),(23 , 50))', 'PT');
insert into anomalia_traducao values(52, '((9 , 9),(10 , 50))', 'PT');
insert into anomalia_traducao values(53, '((38 , 32),(50 , 27))','PT');
insert into anomalia_traducao values(54, '((22 , 26),(59 , 42))', 'PT');
insert into anomalia_traducao values(55, '((19 , 32),(23 , 50))', 'PT');
insert into anomalia_traducao values(56, '((9 , 9),(10 , 30))', 'PT');
insert into anomalia_traducao values(57, '((38 , 32),(50 , 27))','PT');
insert into anomalia_traducao values(58, '((22 , 26),(59 , 32))', 'PT');
insert into anomalia_traducao values(59, '((19 , 32),(23 , 40))', 'PT');

-----utilizadores-----
insert into utilizador values('rafafigoalexandre@gmail.com', 'Xhm8k4en&F2*qwTJ');
insert into utilizador values('sarapatmachado@gmail.com', 'xS3S=FFxUL#shS^!');
insert into utilizador values('ricardoGrade@gmail.com', 'ZZfZ*&k6KBDb9ZhG');
insert into utilizador values('OTAjhw@mailgator.org', '=L5y@u$-bL@nLBAY');
insert into utilizador values('jaKrtv@mailgator.org', 'x$gzt-ytHbzUJR3Z');
insert into utilizador values('iPrLSZ@mailgator.org', '^Zy7Vp-Vej872VWp?H8B_R49Ah');
insert into utilizador values('jsFZpp@mailgator.org', '^n?^?2Nk7MdWYsM#');
insert into utilizador values('KhnbEX@mailgator.org', '63UMgYNvUWWqf=%m');
insert into utilizador values('UKpyoG@mailgator.org', 'cE^C5_W!AA2=vqZR');
insert into utilizador values('dQpjlz@mailgator.org', 'EyT!8aKG&32F@X=S');
insert into utilizador values('uvRhXe@mailgator.org', '4_@YBZJY7P_NpgC7');
insert into utilizador values('TPrKPj@mailgator.org', 'C^Z&2XMyxR=nBfXr');
insert into utilizador values('xzyWTW@mailgator.org', 'tnnb4f?Jw#2g*Ya-');
insert into utilizador values('zBDDaf@mailgator.org', 'UnXtQsGjUxp%=2S7');
insert into utilizador values('STJguI@mailgator.org', 'y3Yde+L=Jz3PQk%$');
insert into utilizador values('aKaleN@mailgator.org', 'vq6c#VJ=RsK#v+%W');
insert into utilizador values('LrzZNq@mailgator.org', 'KP6!$Ee_d3Umf9Y*');
insert into utilizador values('DILwTm@mailgator.org', 'Y=PKUTZWTh9FWu6k');
insert into utilizador values('FWBlkU@mailgator.org', 'RYcGe@Ya8#YnN=8!');
insert into utilizador values('RmKMfj@mailgator.org', 'q%F6T#N4y9pd5?9m');
insert into utilizador values('MUnaKN@mailgator.org', 'H&D7CPh+9ytu@WJk');
insert into utilizador values('wPHTLS@mailgator.org', 'v2Zb_3uMbdqgTYHp');
insert into utilizador values('wmTlbT@mailgator.org', 'nSZh2Lv7S@9_^T99');
insert into utilizador values('NKLOdA@mailgator.org', 'nSZh2Lv7S@9_^T99');
insert into utilizador values('IhKxli@mailgator.org', 'v2Zb_3uMbdqgTYHp');
insert into utilizador values('foADOn@mailgator.org', 'H&D7CPh+9ytu@WJk');
insert into utilizador values('ffOIoU@mailgator.org', 'qG=xM6?L9mLwAV$b');
insert into utilizador values('yWIOkh@mailgator.org', 'qsG=xM6?L9mLwAV$b');
insert into utilizador values('mEueBc@mailgator.org', 'RgDKDu9d8yCM+dpm');
insert into utilizador values('TjRWVg@mailgator.org', 'v2Zb_3uMbdqgTYHp');
insert into utilizador values('USZFvs@mailgator.org', 'HKEAAQ#UpaHb8m+*');
insert into utilizador values('sUppoR@mailgator.org', 'Ps^e6S7#ra8^WEtu');
insert into utilizador values('AmOGMv@mailgator.org', '7D?3+ev2^c!LwLQ*');
insert into utilizador values('GokzGR@mailgator.org', 'bKaLxYCG39=XmZje'); 
insert into utilizador values('AuDrar@mailgator.org', '8@z9ygXN^*rj4XQ3');
insert into utilizador values('bgVQVC@mailgator.org', 'S5$ftDzpYg$^D7B#');
insert into utilizador values('LtZepD@mailgator.org', '7RGQz9?99Z?nTbF@');

-----utilizadores qualificados-----
insert into utilizador_qualificado values('rafafigoalexandre@gmail.com');
insert into utilizador_qualificado values('sarapatmachado@gmail.com');
insert into utilizador_qualificado values('ricardoGrade@gmail.com');
insert into utilizador_qualificado values('OTAjhw@mailgator.org');
insert into utilizador_qualificado values('jaKrtv@mailgator.org');
insert into utilizador_qualificado values('iPrLSZ@mailgator.org');
insert into utilizador_qualificado values('jsFZpp@mailgator.org');
insert into utilizador_qualificado values('KhnbEX@mailgator.org');
insert into utilizador_qualificado values('UKpyoG@mailgator.org');
insert into utilizador_qualificado values('dQpjlz@mailgator.org');
insert into utilizador_qualificado values('uvRhXe@mailgator.org');
insert into utilizador_qualificado values('TPrKPj@mailgator.org');
insert into utilizador_qualificado values('xzyWTW@mailgator.org');
insert into utilizador_qualificado values('zBDDaf@mailgator.org');

-----utilizadores regulares-----
insert into utilizador_regular values('STJguI@mailgator.org');
insert into utilizador_regular values('aKaleN@mailgator.org');
insert into utilizador_regular values('LrzZNq@mailgator.org');
insert into utilizador_regular values('DILwTm@mailgator.org');
insert into utilizador_regular values('FWBlkU@mailgator.org');
insert into utilizador_regular values('RmKMfj@mailgator.org');
insert into utilizador_regular values('MUnaKN@mailgator.org');
insert into utilizador_regular values('wPHTLS@mailgator.org');
insert into utilizador_regular values('wmTlbT@mailgator.org');
insert into utilizador_regular values('NKLOdA@mailgator.org');
insert into utilizador_regular values('IhKxli@mailgator.org');
insert into utilizador_regular values('foADOn@mailgator.org');
insert into utilizador_regular values('ffOIoU@mailgator.org');
insert into utilizador_regular values('yWIOkh@mailgator.org');
insert into utilizador_regular values('mEueBc@mailgator.org');
insert into utilizador_regular values('TjRWVg@mailgator.org');
insert into utilizador_regular values('USZFvs@mailgator.org');
insert into utilizador_regular values('sUppoR@mailgator.org');
insert into utilizador_regular values('AmOGMv@mailgator.org');
insert into utilizador_regular values('GokzGR@mailgator.org'); 
insert into utilizador_regular values('AuDrar@mailgator.org');
insert into utilizador_regular values('bgVQVC@mailgator.org');
insert into utilizador_regular values('LtZepD@mailgator.org');

-----incidencias-----
-- Query 2
insert into incidencia values(48, 4, 'STJguI@mailgator.org');
insert into incidencia values(49, 5, 'STJguI@mailgator.org');
insert into incidencia values(50, 6, 'STJguI@mailgator.org');
insert into incidencia values(51, 7, 'aKaleN@mailgator.org');
insert into incidencia values(52, 9, 'aKaleN@mailgator.org');
insert into incidencia values(53, 11, 'AmOGMv@mailgator.org');
insert into incidencia values(54, 12, 'AmOGMv@mailgator.org');
insert into incidencia values(55, 14, 'STJguI@mailgator.org');
insert into incidencia values(56, 18, 'AuDrar@mailgator.org');
insert into incidencia values(57, 19, 'AuDrar@mailgator.org');
insert into incidencia values(58, 20, 'GokzGR@mailgator.org');
insert into incidencia values(59, 21, 'LtZepD@mailgator.org');

-- Query 3
insert into incidencia values(13, 4, 'rafafigoalexandre@gmail.com');
insert into incidencia values(14, 5, 'rafafigoalexandre@gmail.com');
insert into incidencia values(15, 6, 'rafafigoalexandre@gmail.com');
insert into incidencia values(16, 7, 'rafafigoalexandre@gmail.com');
insert into incidencia values(17, 8, 'rafafigoalexandre@gmail.com');
insert into incidencia values(18, 9, 'rafafigoalexandre@gmail.com');
insert into incidencia values(19, 11, 'rafafigoalexandre@gmail.com');
insert into incidencia values(20, 12, 'rafafigoalexandre@gmail.com');
insert into incidencia values(21, 14, 'rafafigoalexandre@gmail.com');
insert into incidencia values(22, 18, 'rafafigoalexandre@gmail.com');
insert into incidencia values(23, 19, 'rafafigoalexandre@gmail.com');
insert into incidencia values(24, 20, 'rafafigoalexandre@gmail.com');
insert into incidencia values(25, 21, 'rafafigoalexandre@gmail.com');
insert into incidencia values(26, 30, 'rafafigoalexandre@gmail.com');
insert into incidencia values(27, 23, 'rafafigoalexandre@gmail.com');
insert into incidencia values(28, 25, 'rafafigoalexandre@gmail.com');
insert into incidencia values(29, 34, 'rafafigoalexandre@gmail.com');
insert into incidencia values(30, 35, 'rafafigoalexandre@gmail.com');
insert into incidencia values(31, 36, 'rafafigoalexandre@gmail.com');
insert into incidencia values(32, 37, 'rafafigoalexandre@gmail.com');
insert into incidencia values(33, 38, 'rafafigoalexandre@gmail.com');
insert into incidencia values(34, 39, 'rafafigoalexandre@gmail.com');
insert into incidencia values(35, 40, 'rafafigoalexandre@gmail.com');

--- Query 4
insert into incidencia values(46, 3, 'rafafigoalexandre@gmail.com');
insert into incidencia values(47, 10, 'rafafigoalexandre@gmail.com');

insert into incidencia values(36, 16, 'sarapatmachado@gmail.com');
insert into incidencia values(37, 17, 'sarapatmachado@gmail.com');

insert into incidencia values(38, 26, 'OTAjhw@mailgator.org');
insert into incidencia values(39, 26, 'jaKrtv@mailgator.org');
insert into incidencia values(40, 26, 'iPrLSZ@mailgator.org');

insert into incidencia values(41, 27, 'KhnbEX@mailgator.org');
insert into incidencia values(42, 28, 'KhnbEX@mailgator.org');

insert into incidencia values(43, 31, 'UKpyoG@mailgator.org');
insert into incidencia values(44, 32, 'UKpyoG@mailgator.org');
insert into incidencia values(45, 33, 'UKpyoG@mailgator.org');

-- Norte
insert into incidencia values(1, 5, 'sarapatmachado@gmail.com');
insert into incidencia values(2, 5, 'rafafigoalexandre@gmail.com');
insert into incidencia values(3, 5, 'UKpyoG@mailgator.org');
insert into incidencia values(4, 5, 'KhnbEX@mailgator.org');

-----Propostas de Correacao-----
insert into proposta_de_correcao values('rafafigoalexandre@gmail.com', 1, '2019-09-22 22:12', 'bug fixed');
insert into proposta_de_correcao values('rafafigoalexandre@gmail.com', 2, '2019-09-23 23:15', 'new bug fixed');

insert into proposta_de_correcao values('sarapatmachado@gmail.com', 1, '2019-09-22 22:12', 'bug fixed');
insert into proposta_de_correcao values('sarapatmachado@gmail.com', 2, '2019-09-23 23:15', 'new bug fixed');

insert into proposta_de_correcao values('OTAjhw@mailgator.org', 1, '2019-07-25 03:14', 'vector fixed');
insert into proposta_de_correcao values('jaKrtv@mailgator.org', 1, '2019-07-25 03:14', 'vector fixed');
insert into proposta_de_correcao values('KhnbEX@mailgator.org', 1, '2019-07-25 03:14', 'vector fixed');

-----Correcoes-----
insert into correcao values('rafafigoalexandre@gmail.com', 1, 46);
insert into correcao values('rafafigoalexandre@gmail.com', 2, 47);

insert into correcao values('sarapatmachado@gmail.com', 1, 36);
insert into correcao values('sarapatmachado@gmail.com', 2, 37);

insert into correcao values('OTAjhw@mailgator.org', 1, 38);
insert into correcao values('jaKrtv@mailgator.org', 1, 39);
insert into correcao values('KhnbEX@mailgator.org', 1, 27);
